setup,NDCG@10,Coverage@50
Two-tower only (retrieval),0.0010733716307776452,0.9540347017418358
Two-tower + LightGBM,0.002639303271770746,0.8534995309663443
