setup,NDCG@10,Coverage@50
Two-tower only (retrieval),0.0026089422601272023,0.998840518604406
Two-tower + LightGBM,0.004347718231756,0.9907241488352483
