setup,NDCG@10,Coverage@50
Two-tower only (retrieval),0.0010478204832200726,0.9945188152208285
Two-tower + LightGBM,0.005475032578655064,0.9254769684831875
