bucket,users,Recall@20 (pop),NDCG@20 (pop),Recall@20 (two-tower),NDCG@20 (two-tower)
1-4,1881,0.019375429095564056,0.009015432994377792,0.003703703703703704,0.001582237867965146
20-+,243,0.01008230452674897,0.008010248508374024,0.006321444901691815,0.0034972529016456624
5-19,2688,0.015578552255449577,0.007520517769104015,0.003887648809523809,0.0015759886225771205
