bucket,users,Recall@20 (pop),NDCG@20 (pop),Recall@20 (two-tower),NDCG@20 (two-tower)
1-4,1881,0.019375429095564056,0.009015432994377792,0.004160654160654161,0.002161833447754626
20-+,243,0.01008230452674897,0.008010248508374024,0.008759553203997648,0.005764300222505044
5-19,2688,0.015578552255449577,0.007520517769104015,0.005628631660997732,0.0032136716158799464
