method,Recall@10,NDCG@10,Recall@20,NDCG@20,Recall@50,NDCG@50,Coverage@50
Random,0.0001,0.0001,0.0002,0.0001,0.0003,0.0001,1.0
Popularity,0.0035,0.0021,0.0078,0.0034,0.0191,0.0062,0.0005
MF-BPR,0.0034962851735207,0.0020116939763522,0.0077436804312144,0.0032521450228182,0.0190444089507685,0.0058993244646577,0.0004521619414619
Two-tower,0.001765331350904192,0.0010733716307776452,0.002586706308131122,0.0013204195933778304,0.004209720713046892,0.0017013246531576555,0.9540347017418358
Two-tower + LightGBM,0.003704369807782293,0.002639303271770746,0.004643627194993528,0.0029079762818214915,0.005855659362479512,0.0031909722294188696,0.8534995309663443
