method,Recall@10,NDCG@10,Recall@20,NDCG@20,Recall@50,NDCG@50,Coverage@50
Random,0.0011,0.0007,0.0024,0.0011,0.0049,0.0016,1.0
Popularity,0.0122,0.0071,0.0175,0.0088,0.0499,0.0164,0.0066
MF-BPR,0.0011979468416500835,0.0007414668203653094,0.002500246647690538,0.0010956740954202598,0.0051401289322112265,0.001690022584271966,1.0
Two-tower,0.004134010212563828,0.002608942260127202,0.0052129101848553214,0.002931314000993448,0.010384876103392312,0.004152274969864073,0.9974702224096131
Two-tower + LightGBM,0.006295515927685503,0.004347718231756,0.009980128800265956,0.005357080286834127,0.014031474552048118,0.006301689905685214,0.9907241488352483
