method,Recall@10,NDCG@10,Recall@20,NDCG@20,Recall@50,NDCG@50,Coverage@50
Random,0.0011,0.0007,0.0024,0.0011,0.0049,0.0016,1.0
Popularity,0.0122,0.0071,0.0175,0.0088,0.0499,0.0164,0.0066
MF-BPR,0.0006621178535143622,0.0003554082461829258,0.0015522536251962686,0.0006094122702494376,0.00427357088049108,0.0012207052236369368,1.0
