method,Recall@10,NDCG@10,Recall@20,NDCG@20,Recall@50,NDCG@50,Coverage@50
Random,0.0011,0.0007,0.0024,0.0011,0.0049,0.0016,1.0
Popularity,0.0122,0.0071,0.0175,0.0088,0.0499,0.0164,0.0066
MF-BPR,0.0006621178535143,0.0003554082461829,0.0015522536251962,0.0006094122702494,0.004273570880491,0.0012207052236369,1.0
Two-tower,0.001948831624642098,0.0010478204832200726,0.003938648748499122,0.0016754528890751527,0.010965092737224905,0.0032363216582519945,0.9945188152208285
Two-tower + LightGBM,0.00821805740909192,0.005475032578655064,0.010123841889689367,0.006004564026575856,0.01614532917676269,0.007434620923747034,0.9254769684831875
