feature,gain
item_age_days,27705.13316011429
item_pop,21173.514156103134
retriever_score,12468.362587928772
item_price,8300.433103322983
brand_match,7908.501911640167
rating_vs_user_mean,7317.564971923828
item_avg_rating,7138.374151945114
days_since_user_last,6766.975438833237
price_gap,6728.360714435577
user_activity,4467.159117937088
user_avg_rating,3956.103868484497
cat_match,2727.3124544620514
