feature,gain
item_age_days,2363.7710309028625
retriever_score,1547.6973494589329
item_pop,1490.91680175066
days_since_user_last,1078.1597326993942
rating_vs_user_mean,1064.9505717754364
item_price,921.0353665351868
item_avg_rating,850.2107696533203
user_activity,667.5994301438332
price_gap,627.0744262337685
user_avg_rating,296.7725501060486
cat_match,100.88054013252258
brand_match,48.04113960266113
